S.No,Date,Open,High,Low,Close,Volume
1,21-08-2023,261.59,261.64,248.51,248.51,747.15
2,22-08-2023,236.08,236.08,236.08,236.08,72.81
3,23-08-2023,224.3,224.3,224.3,224.3,42.89
4,24-08-2023,213.12,213.12,213.12,213.12,276.73
5,25-08-2023,202.48,223.75,202.48,214.17,2810.4
6,28-08-2023,213.02,221.9,207.23,210.82,875.22
7,29-08-2023,211.67,221.35,206.93,219.91,926.93
8,30-08-2023,224.55,230.89,224.35,230.89,214.03
9,31-08-2023,241.32,242.42,230.79,233.14,1241.22
10,01-09-2023,234.63,244.77,233.84,244.77,394.81
11,04-09-2023,254.9,266.53,248.61,253.06,992.47
12,05-09-2023,256.6,259.6,252.61,254.65,471.27
13,06-09-2023,246.62,259.4,245.67,252.46,2254.13
14,07-09-2023,251.61,256.9,250.86,251.41,438.57
15,08-09-2023,253.6,254.6,249.11,252.81,360.9
16,11-09-2023,256.55,257.3,249.61,249.76,249.83
17,12-09-2023,251.36,251.61,240.52,243.87,395.01
18,13-09-2023,244.42,247.41,236.23,239.83,278.11
19,14-09-2023,241.62,244.17,240.87,242.17,140.55
20,15-09-2023,243.42,244.27,237.28,239.03,274.16
21,18-09-2023,239.63,240.48,231.74,232.84,246.94
22,20-09-2023,230.04,231.64,228.64,229.29,183.18
23,21-09-2023,229.64,235.23,226.45,227.3,331.02
24,22-09-2023,227.6,231.89,226.0,227.45,383.28
25,25-09-2023,229.64,230.49,227.15,229.39,133.92
26,26-09-2023,230.74,231.34,229.64,230.04,80.58
27,27-09-2023,230.84,230.84,226.65,227.0,109.84
28,28-09-2023,227.65,228.49,224.4,224.7,91.44
29,29-09-2023,225.55,232.54,224.65,230.84,124.11
30,03-10-2023,231.14,233.54,230.19,231.04,131.85
31,04-10-2023,229.64,229.64,223.15,224.3,232.97
32,05-10-2023,225.55,227.55,223.85,225.05,138.95
33,06-10-2023,226.15,227.3,223.35,224.75,75.32
34,09-10-2023,222.65,222.65,218.51,219.31,96.97
35,10-10-2023,220.66,223.55,219.41,219.81,104.51
36,11-10-2023,221.65,227.35,220.26,224.75,117.65
37,12-10-2023,226.65,227.05,224.4,224.8,77.81
38,13-10-2023,223.65,225.55,221.65,224.2,101.37
39,16-10-2023,224.55,225.6,223.65,224.45,108.51
40,17-10-2023,231.14,232.64,220.16,220.61,341.9
41,18-10-2023,221.25,222.55,215.21,215.66,277.12
42,19-10-2023,215.66,215.66,208.72,213.87,421.27
43,20-10-2023,215.16,216.66,212.67,213.87,111.01
44,23-10-2023,213.67,213.87,203.93,206.28,178.18
45,25-10-2023,206.28,211.47,206.18,209.82,220.79
46,26-10-2023,207.68,216.66,206.13,215.51,237.34
47,27-10-2023,219.26,225.25,216.11,222.55,209.29
48,30-10-2023,224.15,225.85,217.81,218.66,135.09
49,31-10-2023,221.65,222.85,215.21,218.66,175.38
50,01-11-2023,215.66,221.7,214.96,217.31,158.63
51,02-11-2023,218.16,219.26,216.36,217.01,132.62
52,03-11-2023,218.66,220.31,217.31,218.71,85.69
53,06-11-2023,220.06,220.36,216.41,216.81,114.94
54,07-11-2023,217.56,218.46,216.16,216.86,75.58
55,08-11-2023,217.46,217.56,213.47,213.82,171.02
56,09-11-2023,214.52,217.36,214.52,214.82,172.5
57,10-11-2023,214.52,222.6,214.02,221.6,184.67
58,13-11-2023,222.65,225.55,221.9,224.4,120.87
59,15-11-2023,226.6,227.0,222.85,223.8,157.82
60,16-11-2023,225.15,228.94,223.5,226.6,178.56
61,17-11-2023,225.65,225.65,220.06,220.46,196.07
62,20-11-2023,221.4,221.4,214.72,215.16,204.03
63,21-11-2023,217.06,222.8,216.21,219.86,256.25
64,22-11-2023,219.36,223.05,218.16,221.55,150.12
65,23-11-2023,222.15,222.9,219.26,220.91,112.68
66,24-11-2023,221.55,227.5,220.16,226.15,314.21
67,28-11-2023,227.69,231.94,224.95,226.0,256.69
68,29-11-2023,228.99,228.99,223.85,225.7,140.08
69,30-11-2023,225.7,231.44,222.3,229.04,454.32
70,01-12-2023,231.09,231.24,224.5,225.15,176.35
71,04-12-2023,229.39,231.64,227.55,229.74,210.8
72,05-12-2023,230.64,245.62,229.04,242.12,608.47
73,06-12-2023,244.52,251.21,242.62,246.67,452.63
74,07-12-2023,248.61,250.31,244.72,248.76,230.0
75,08-12-2023,248.61,250.11,239.63,243.87,190.57
76,11-12-2023,244.47,246.62,242.67,245.22,88.76
77,12-12-2023,245.67,246.91,237.93,240.18,127.5
78,13-12-2023,241.62,242.02,234.98,239.38,137.75
79,14-12-2023,242.52,243.37,237.68,238.23,143.53
80,15-12-2023,239.63,242.22,236.03,237.28,262.25
81,18-12-2023,240.62,241.82,237.23,239.78,170.02
82,19-12-2023,239.93,240.43,237.53,237.93,130.53
83,20-12-2023,238.53,247.81,229.69,231.74,446.29
84,21-12-2023,230.49,238.33,228.64,237.63,170.15
85,22-12-2023,238.38,239.38,234.23,236.38,108.71
86,26-12-2023,236.88,237.63,233.34,234.33,118.66
87,27-12-2023,235.63,236.88,232.64,233.64,124.3
88,28-12-2023,234.63,235.98,232.19,232.99,105.34
89,29-12-2023,233.54,234.83,231.89,232.59,116.15
90,01-01-2024,232.99,236.03,232.94,234.18,79.2
91,02-01-2024,234.63,235.63,231.64,234.98,92.17
92,03-01-2024,235.03,235.63,233.19,234.13,98.65
93,04-01-2024,238.48,242.87,236.43,241.02,328.09
94,05-01-2024,244.12,247.81,241.12,243.27,297.22
95,08-01-2024,246.47,246.52,239.93,242.02,211.18
96,09-01-2024,243.52,244.27,241.12,241.77,106.89
97,10-01-2024,241.62,241.92,238.93,240.57,117.99
98,11-01-2024,242.62,253.01,240.28,251.16,457.93
99,12-01-2024,254.6,258.95,253.31,254.65,467.63
100,15-01-2024,254.65,254.65,254.65,254.65,0.0
101,16-01-2024,253.7,257.6,246.12,248.46,704.57
102,17-01-2024,246.62,246.62,241.77,242.17,283.18
103,18-01-2024,243.07,247.51,238.68,242.87,248.05
104,19-01-2024,245.47,248.76,245.02,245.87,165.63
105,23-01-2024,247.46,247.66,239.63,240.03,131.85
106,24-01-2024,239.63,241.17,236.73,239.38,152.77
107,25-01-2024,240.03,242.27,238.53,239.48,123.52
108,29-01-2024,241.62,254.0,239.63,250.61,411.48
109,30-01-2024,252.76,253.55,246.72,247.31,152.92
110,31-01-2024,247.26,250.21,245.72,247.86,151.84
111,01-02-2024,250.61,254.3,248.81,252.01,243.23
112,02-02-2024,252.11,256.9,250.21,253.4,302.19
113,05-02-2024,255.95,295.24,255.3,288.65,2110.29
114,06-02-2024,285.26,285.26,265.64,270.53,866.36
115,07-02-2024,273.02,275.27,266.98,268.08,309.64
116,08-02-2024,269.58,269.98,261.54,262.39,219.49
117,09-02-2024,263.99,275.87,258.0,272.57,511.21
118,12-02-2024,275.67,280.66,267.28,271.03,470.44
119,13-02-2024,270.03,274.97,263.29,272.33,312.2
120,14-02-2024,269.48,274.57,268.13,272.57,213.74
121,15-02-2024,274.57,278.57,272.57,273.62,194.78
122,16-02-2024,274.87,276.32,270.58,271.48,143.37
123,19-02-2024,272.82,276.67,271.48,273.57,183.9
124,20-02-2024,273.77,288.85,273.17,281.26,556.89
125,21-02-2024,283.56,294.04,282.76,289.65,641.3
126,22-02-2024,291.25,304.82,290.65,302.38,756.89
127,23-02-2024,305.32,346.46,304.87,333.43,2700.77
128,26-02-2024,339.92,347.46,325.24,327.29,1073.6
129,27-02-2024,328.79,338.17,316.06,318.0,570.02
130,28-02-2024,319.5,321.95,305.57,307.82,481.76
131,29-02-2024,311.51,321.5,307.52,309.52,813.57
132,01-03-2024,313.01,321.1,311.06,317.41,376.23
133,04-03-2024,329.44,330.98,320.1,322.1,241.84
134,05-03-2024,323.5,327.39,319.0,321.2,183.01
135,06-03-2024,322.45,333.38,320.85,325.84,537.17
136,07-03-2024,328.49,336.87,323.7,333.38,359.89
137,11-03-2024,336.38,359.29,331.93,355.1,1217.39
138,12-03-2024,359.44,373.92,358.19,361.29,1110.54
139,13-03-2024,363.13,366.33,323.99,327.69,991.02
140,14-03-2024,327.49,340.97,317.5,337.82,746.99
141,15-03-2024,339.47,348.31,335.93,344.21,550.87
142,18-03-2024,346.41,359.14,341.97,352.0,483.65
143,19-03-2024,352.85,357.34,346.46,352.75,420.08
144,20-03-2024,352.75,355.8,335.13,336.97,509.84
145,21-03-2024,343.96,347.76,336.58,338.17,287.32
146,22-03-2024,337.47,346.36,336.18,344.11,205.48
147,26-03-2024,344.46,351.95,343.02,345.61,271.69
148,27-03-2024,347.71,355.05,347.46,350.15,500.91
149,28-03-2024,354.3,357.19,349.85,353.2,226.77
150,01-04-2024,356.44,363.63,355.05,356.39,236.44
151,02-04-2024,358.44,362.29,355.94,356.54,296.85
152,03-04-2024,355.94,359.24,352.65,356.54,179.2
153,04-04-2024,358.84,367.23,357.44,360.74,339.26
154,05-04-2024,360.44,374.27,358.49,372.62,469.8
155,08-04-2024,375.41,378.11,366.98,368.68,328.54
156,09-04-2024,370.42,374.12,364.83,367.13,233.67
157,10-04-2024,369.07,371.82,366.98,369.87,165.4
158,12-04-2024,369.57,378.26,367.63,371.62,324.81
159,15-04-2024,361.44,362.38,350.45,353.75,462.81
160,16-04-2024,364.33,371.37,359.54,361.29,489.21
161,18-04-2024,368.58,383.8,366.43,377.81,753.56
162,19-04-2024,377.41,377.51,368.08,369.52,395.16
163,22-04-2024,377.41,384.25,374.67,382.1,486.41
164,23-04-2024,386.4,394.09,384.4,387.35,355.51
165,24-04-2024,390.09,390.89,378.91,381.26,276.61
166,25-04-2024,381.26,386.75,379.66,381.7,170.43
167,26-04-2024,383.7,384.25,379.96,381.16,141.31
168,29-04-2024,383.0,384.15,377.46,379.91,161.36
169,30-04-2024,379.91,383.2,374.92,376.41,168.45
170,02-05-2024,376.41,380.76,371.92,379.06,196.59
171,03-05-2024,379.96,385.25,373.77,375.31,218.63
172,06-05-2024,377.51,378.31,367.23,369.67,139.91
173,07-05-2024,369.67,370.12,353.05,355.7,294.99
174,08-05-2024,354.45,363.23,351.55,354.65,200.23
175,09-05-2024,356.44,358.69,344.06,344.86,232.1
176,10-05-2024,345.86,348.46,336.28,347.31,244.5
177,13-05-2024,347.31,347.36,334.88,340.82,206.75
178,14-05-2024,343.46,353.15,341.67,351.9,196.46
179,15-05-2024,353.5,358.24,350.75,353.3,168.6
180,16-05-2024,355.85,358.59,351.85,354.5,122.91
181,17-05-2024,356.44,357.84,354.45,356.64,88.15
182,21-05-2024,360.44,361.64,355.2,357.19,117.93
183,22-05-2024,358.44,360.14,354.65,357.09,120.42
184,23-05-2024,357.09,375.41,356.84,367.18,375.25
185,24-05-2024,367.93,370.12,363.63,364.83,185.01
186,27-05-2024,367.43,368.03,358.59,359.49,159.55
187,28-05-2024,360.44,363.18,354.7,356.29,92.28
188,29-05-2024,354.45,355.6,347.56,348.66,151.42
189,30-05-2024,348.21,350.95,345.96,347.21,98.73
190,31-05-2024,354.5,357.34,341.57,343.81,342.14
191,03-06-2024,367.43,367.43,353.25,355.55,240.59
192,04-06-2024,357.44,357.44,306.82,332.43,592.11
193,05-06-2024,338.47,347.36,326.49,345.06,247.85
194,06-06-2024,349.46,352.25,347.51,348.86,162.47
195,07-06-2024,349.16,354.8,346.46,352.6,226.68
196,10-06-2024,354.7,356.79,348.16,349.8,156.7
197,11-06-2024,351.2,353.95,349.01,349.7,127.62
198,12-06-2024,351.4,362.93,351.0,360.39,299.98
199,13-06-2024,364.43,365.83,357.64,360.24,274.25
200,14-06-2024,361.44,362.19,355.55,356.44,198.58
201,18-06-2024,358.19,364.43,357.04,362.63,226.66
202,19-06-2024,363.38,363.38,356.49,357.74,157.18
203,20-06-2024,358.34,367.73,357.44,364.98,335.75
204,21-06-2024,365.43,366.23,358.59,360.34,210.76
205,24-06-2024,355.45,355.85,351.75,354.8,168.59
206,25-06-2024,356.39,361.94,355.7,358.49,132.12
207,26-06-2024,358.39,359.14,352.6,355.7,272.07
208,27-06-2024,355.7,357.84,347.46,353.05,186.89
209,28-06-2024,356.44,361.44,354.85,357.59,234.11
210,01-07-2024,357.59,357.84,351.5,352.25,156.89
211,02-07-2024,352.65,354.9,349.46,350.45,121.47
212,03-07-2024,352.45,355.85,349.16,350.75,121.02
213,04-07-2024,351.45,356.29,349.75,350.3,119.45
214,05-07-2024,350.3,354.25,348.56,352.2,155.14
215,08-07-2024,352.45,353.0,346.66,347.76,115.26
216,09-07-2024,348.56,353.15,348.01,349.31,89.09
217,10-07-2024,349.85,350.35,343.56,347.41,115.57
218,11-07-2024,348.96,350.8,346.46,347.51,80.46
219,12-07-2024,353.95,355.85,349.46,349.8,163.28
220,15-07-2024,353.75,356.14,351.15,354.85,154.88
221,16-07-2024,349.46,349.8,342.57,343.71,250.05
222,18-07-2024,345.06,345.61,335.48,336.48,251.89
223,19-07-2024,336.53,341.47,331.53,338.22,153.49
224,22-07-2024,338.22,342.47,333.78,340.42,122.79
225,23-07-2024,341.47,341.47,325.49,334.38,138.63
226,24-07-2024,334.73,338.47,334.08,334.18,87.29
227,25-07-2024,332.48,333.13,327.49,328.69,122.02
228,26-07-2024,329.34,336.13,329.04,331.38,96.88
229,29-07-2024,333.98,334.68,328.99,329.69,126.28
230,30-07-2024,330.48,331.23,328.59,328.84,87.06
231,31-07-2024,328.84,330.73,326.99,327.99,124.02
232,01-08-2024,328.49,332.38,327.74,328.19,131.37
233,02-08-2024,325.44,327.74,324.04,325.74,72.84
234,05-08-2024,317.45,321.7,314.51,316.56,167.52
235,06-08-2024,316.66,321.5,309.52,310.87,126.4
236,07-08-2024,315.96,336.68,312.81,329.24,207.56
237,08-08-2024,329.49,330.28,323.5,325.89,96.49
238,09-08-2024,329.69,329.99,323.99,325.09,77.94
239,12-08-2024,324.49,330.43,321.8,328.64,124.64
240,13-08-2024,328.99,335.98,321.5,322.8,151.72
241,14-08-2024,325.49,325.84,318.7,319.7,80.4
242,16-08-2024,323.5,329.04,319.05,327.64,164.47
243,19-08-2024,331.43,333.98,328.29,330.93,137.09
244,20-08-2024,331.88,337.42,331.48,333.63,157.72
245,21-08-2024,335.38,336.72,328.99,330.58,189.17
246,22-08-2024,331.68,332.88,328.39,329.09,83.68
247,23-08-2024,329.49,333.18,326.19,326.64,89.35
248,26-08-2024,332.18,333.68,321.25,322.75,261.18
249,27-08-2024,323.99,326.09,321.15,323.1,166.0
250,28-08-2024,326.49,329.74,320.4,321.75,214.7
251,29-08-2024,323.75,332.58,323.0,325.14,338.08
252,30-08-2024,327.14,331.08,320.15,321.2,274.98
253,02-09-2024,323.4,348.81,322.65,344.36,653.34
254,03-09-2024,350.45,354.45,341.97,349.65,652.94
255,04-09-2024,344.46,349.75,342.52,346.66,220.06
256,05-09-2024,348.06,349.9,343.46,344.81,164.07
257,06-09-2024,344.46,345.31,335.48,336.33,172.65
258,09-09-2024,337.42,345.31,328.79,341.17,186.87
259,10-09-2024,343.41,359.19,340.32,350.95,609.21
260,11-09-2024,351.95,354.85,342.52,343.76,227.79
261,12-09-2024,345.76,351.4,341.77,349.26,188.81
262,13-09-2024,349.8,353.85,346.36,351.35,176.32
263,16-09-2024,351.45,354.15,346.46,348.26,116.39
264,17-09-2024,348.16,354.95,343.46,351.1,149.31
265,18-09-2024,349.95,352.7,344.56,346.36,121.41
266,19-09-2024,348.21,349.95,337.92,346.11,172.96
267,20-09-2024,347.86,355.35,347.81,353.35,384.92
268,23-09-2024,353.8,360.64,351.7,353.7,228.69
269,24-09-2024,353.25,355.45,348.56,351.9,200.86
270,25-09-2024,351.15,354.45,348.46,352.25,136.63
271,26-09-2024,351.95,353.05,348.41,349.31,115.84
272,27-09-2024,349.46,362.43,348.56,358.59,615.51
273,30-09-2024,356.44,357.59,349.06,350.05,267.63
274,01-10-2024,351.45,352.45,345.71,350.45,164.22
275,03-10-2024,344.46,349.95,338.52,345.06,242.33
276,04-10-2024,342.97,344.76,335.98,338.27,189.46
277,07-10-2024,345.56,348.36,328.69,335.83,380.02
278,08-10-2024,334.23,349.16,332.48,345.06,208.53
279,09-10-2024,344.46,347.46,341.02,342.47,126.93
280,10-10-2024,344.46,346.96,342.47,343.26,89.15
281,11-10-2024,342.92,343.91,339.92,340.97,81.06
282,14-10-2024,342.27,342.92,338.72,339.52,72.84
283,15-10-2024,341.42,341.42,335.58,336.23,94.26
284,16-10-2024,336.53,338.67,331.98,333.13,105.31
285,17-10-2024,334.33,334.48,328.09,328.64,97.65
286,18-10-2024,328.64,332.38,324.99,329.84,97.41
287,21-10-2024,333.88,333.88,325.54,326.69,84.05
288,22-10-2024,327.49,327.89,310.62,313.56,168.65
289,23-10-2024,315.76,320.95,312.66,314.21,152.98
290,24-10-2024,314.51,317.9,314.36,315.61,76.29
291,25-10-2024,317.01,317.36,305.52,310.72,124.05
292,28-10-2024,314.01,318.75,310.17,316.16,92.9
293,29-10-2024,317.21,326.44,313.41,325.69,149.05
294,30-10-2024,326.24,326.24,318.05,319.45,115.71
295,31-10-2024,319.45,323.4,317.21,321.8,66.66
296,01-11-2024,324.49,326.34,323.7,325.69,43.66
297,04-11-2024,326.29,326.29,318.8,319.35,80.97
298,05-11-2024,319.5,323.5,318.25,321.4,59.8
299,06-11-2024,323.45,327.39,322.3,325.54,72.03
300,07-11-2024,326.49,327.99,320.05,321.05,70.47
301,08-11-2024,321.2,321.85,314.31,315.56,78.71
302,11-11-2024,313.51,315.61,310.12,311.51,84.29
303,12-11-2024,311.71,315.66,309.52,309.77,57.66
304,13-11-2024,309.52,309.52,297.54,298.93,145.63
305,14-11-2024,302.28,320.0,302.28,317.85,427.5
306,18-11-2024,319.5,322.4,313.36,318.3,155.7
307,19-11-2024,319.5,323.3,316.61,318.85,98.0
308,21-11-2024,316.51,318.4,312.56,313.71,95.85
309,22-11-2024,314.01,317.21,311.86,313.31,113.67
310,25-11-2024,318.35,324.49,317.5,322.75,255.31
311,26-11-2024,320.95,326.39,319.6,325.54,110.06
312,27-11-2024,325.19,331.43,321.9,328.39,115.02
313,28-11-2024,328.44,330.88,324.49,324.94,96.8
314,29-11-2024,325.04,331.78,324.84,327.84,182.86
315,02-12-2024,325.49,329.99,324.59,329.19,82.16
316,03-12-2024,330.83,341.92,329.34,339.82,184.46
317,04-12-2024,341.57,346.81,340.12,344.66,167.75
318,05-12-2024,346.21,346.76,339.07,340.97,118.18
319,06-12-2024,342.52,342.52,337.97,338.37,80.75
320,09-12-2024,337.97,340.77,335.38,336.33,105.9
321,10-12-2024,336.48,337.42,333.13,334.58,73.66
322,11-12-2024,334.18,344.46,332.78,342.47,200.99
323,12-12-2024,343.26,345.76,336.68,337.77,106.4
324,13-12-2024,336.48,340.17,330.14,339.22,91.27
325,16-12-2024,338.72,341.92,337.62,339.82,66.32
326,17-12-2024,338.52,340.37,335.38,336.58,80.27
327,18-12-2024,335.48,336.48,323.05,324.09,139.58
328,19-12-2024,317.5,319.4,310.27,312.51,214.91
329,20-12-2024,314.26,314.26,302.33,303.83,196.7
330,23-12-2024,308.32,308.37,301.58,304.23,113.0
331,24-12-2024,304.23,306.52,303.13,304.23,69.12
332,26-12-2024,304.23,306.22,302.43,305.07,81.9
333,27-12-2024,305.47,306.87,304.03,304.48,60.21
334,30-12-2024,304.53,308.47,300.53,305.77,456.42
335,31-12-2024,303.38,303.38,295.79,298.23,178.39
336,01-01-2025,298.43,305.92,298.33,303.98,89.49
337,02-01-2025,305.52,306.52,302.88,304.23,185.54
338,03-01-2025,306.22,310.42,303.78,306.97,252.89
339,06-01-2025,307.22,307.97,294.79,296.24,156.17
340,07-01-2025,297.54,300.53,296.79,298.68,83.06
341,08-01-2025,300.03,300.38,295.79,298.14,105.45
342,09-01-2025,298.04,298.04,288.35,288.8,150.72
343,10-01-2025,289.55,290.5,279.56,280.11,139.07
344,13-01-2025,277.37,277.57,264.64,265.74,228.71
345,14-01-2025,267.03,273.57,263.79,272.43,198.35
346,15-01-2025,274.57,275.57,270.83,271.98,129.33
347,16-01-2025,276.57,278.37,274.42,276.37,98.05
348,17-01-2025,279.56,280.86,275.27,278.57,128.95
349,20-01-2025,278.57,279.56,270.73,275.27,156.17
350,21-01-2025,275.57,277.07,258.0,259.7,252.9
351,22-01-2025,261.29,263.19,253.65,262.39,190.46
352,23-01-2025,263.09,266.98,253.21,255.45,268.49
353,24-01-2025,255.6,256.95,243.17,244.07,383.79
354,27-01-2025,242.62,243.02,230.69,232.94,329.24
355,28-01-2025,236.63,238.13,230.94,233.04,324.4
356,29-01-2025,234.63,240.28,232.64,237.93,237.19
357,30-01-2025,240.28,241.87,233.14,234.43,275.04
358,31-01-2025,236.63,243.37,235.43,241.27,311.31
359,01-02-2025,244.02,245.17,238.88,241.13,240.8
360,03-02-2025,238.63,239.19,232.54,233.61,151.83
361,04-02-2025,236.03,246.57,234.63,244.72,231.39
362,05-02-2025,246.27,253.94,246.22,249.43,286.96
363,06-02-2025,252.21,253.39,248.26,250.09,162.98
364,07-02-2025,248.01,252.36,245.75,249.06,119.22
365,10-02-2025,248.89,249.61,241.68,242.58,111.75
366,11-02-2025,241.62,242.8,234.38,235.57,153.3
367,12-02-2025,232.64,233.62,222.88,227.27,451.68
368,13-02-2025,227.82,232.69,226.65,227.7,158.41
369,14-02-2025,229.64,230.48,218.81,221.94,221.77
370,17-02-2025,221.9,223.65,216.8,222.1,219.88
371,18-02-2025,223.21,223.63,216.67,220.68,191.39
372,19-02-2025,220.68,229.34,218.92,228.56,140.86
373,20-02-2025,227.65,235.53,225.55,234.9,156.81
374,21-02-2025,235.63,238.18,232.28,233.31,151.53
375,24-02-2025,230.64,233.14,227.65,228.09,147.15
376,25-02-2025,229.23,231.31,224.9,225.97,116.83
377,27-02-2025,226.01,227.65,220.71,221.35,162.15
378,28-02-2025,218.92,219.56,206.68,207.29,508.55
379,03-03-2025,209.67,209.92,198.34,200.61,513.12
380,04-03-2025,199.68,207.72,198.71,206.06,505.8
381,05-03-2025,206.68,217.32,206.68,216.76,369.55
382,06-03-2025,221.65,222.04,217.72,219.6,242.96
383,07-03-2025,219.66,224.15,218.45,221.46,279.98
384,10-03-2025,222.25,224.55,215.16,216.16,195.21
385,11-03-2025,214.37,218.65,212.68,217.22,201.19
386,12-03-2025,219.66,226.15,216.38,225.18,284.55
387,13-03-2025,227.53,228.58,220.98,222.25,252.19
388,17-03-2025,222.77,223.5,218.2,219.18,222.9
389,18-03-2025,219.18,219.18,219.18,219.18,0.0
390,19-03-2025,226.92,230.89,225.29,228.48,214.57
391,20-03-2025,230.64,233.89,228.59,231.33,244.26
392,21-03-2025,231.64,235.57,227.69,228.76,468.8
393,24-03-2025,231.54,234.09,230.34,232.32,266.07
394,25-03-2025,233.74,233.84,225.96,227.18,224.93
395,26-03-2025,227.65,228.54,221.66,222.32,193.73
396,27-03-2025,221.82,227.65,220.99,225.43,1888.69
397,28-03-2025,226.83,231.94,225.76,227.16,303.56
398,01-04-2025,226.65,230.93,224.86,230.06,187.82
399,02-04-2025,230.63,230.63,224.95,229.42,162.03
400,03-04-2025,226.65,231.43,226.15,230.05,117.53
401,04-04-2025,229.69,229.99,220.46,221.97,208.33
402,07-04-2025,202.78,214.67,202.78,213.19,257.72
403,08-04-2025,216.66,225.15,216.28,224.46,251.31
404,09-04-2025,223.65,223.65,217.91,220.58,193.73
405,11-04-2025,225.43,230.62,223.37,229.66,246.31
406,15-04-2025,235.53,239.12,232.24,238.2,276.64
407,16-04-2025,238.68,242.37,236.89,241.9,277.21
408,17-04-2025,242.56,247.61,237.93,246.09,304.22
409,21-04-2025,249.61,249.61,244.12,246.0,317.87
410,22-04-2025,245.12,250.95,243.32,250.17,302.35
411,23-04-2025,251.61,258.15,251.0,257.74,375.68
412,24-04-2025,257.6,259.4,256.1,258.38,171.52
413,25-04-2025,258.38,261.21,248.71,252.66,333.49
414,28-04-2025,252.0,259.3,251.91,257.5,193.81
415,29-04-2025,257.7,259.35,255.2,257.23,124.95
416,30-04-2025,255.6,262.89,254.8,260.01,320.58
417,02-05-2025,262.49,264.79,257.35,258.95,169.35
418,05-05-2025,259.2,261.99,258.9,260.19,109.86
419,06-05-2025,258.85,260.34,250.01,250.81,185.69
420,07-05-2025,244.67,256.3,244.67,255.7,193.93
421,08-05-2025,255.7,257.9,249.01,251.06,148.5
422,09-05-2025,243.72,249.61,241.62,247.96,250.11
423,12-05-2025,258.55,263.09,256.6,262.49,194.37
424,13-05-2025,262.79,268.53,261.09,266.98,193.05
425,14-05-2025,268.38,269.53,264.79,267.08,132.56
426,15-05-2025,267.58,274.17,265.09,273.27,162.01
427,16-05-2025,273.67,277.52,272.62,276.57,134.49
428,19-05-2025,276.57,278.92,275.32,276.62,102.02
429,20-05-2025,276.67,277.57,270.43,271.03,128.85
430,21-05-2025,271.08,275.07,269.93,273.92,104.77
431,22-05-2025,274.02,276.92,270.98,274.12,132.07
432,23-05-2025,274.52,283.21,274.12,281.31,135.48
433,26-05-2025,282.31,284.26,280.91,281.31,86.54
434,27-05-2025,279.56,292.44,278.67,290.95,244.0
435,28-05-2025,295.59,298.78,288.35,289.9,371.69
436,29-05-2025,291.3,291.6,285.06,287.4,158.55
437,30-05-2025,287.55,290.55,285.16,286.2,178.82
438,02-06-2025,286.5,288.75,282.96,286.0,126.39
439,03-06-2025,287.3,290.35,282.66,283.46,92.76
440,04-06-2025,283.46,291.25,282.06,289.9,136.41
441,05-06-2025,291.55,292.54,289.1,291.05,118.67
442,06-06-2025,291.55,296.44,290.05,293.54,158.59
443,09-06-2025,295.54,305.02,295.19,303.78,266.08
444,10-06-2025,305.32,306.37,301.63,302.33,152.46
445,11-06-2025,303.03,306.32,299.23,302.18,175.51
446,12-06-2025,303.38,303.38,294.54,295.54,161.75
447,13-06-2025,287.55,294.84,287.35,293.59,169.09
448,16-06-2025,293.04,294.49,287.05,293.69,162.56
449,17-06-2025,294.54,295.04,288.95,289.35,88.58
450,18-06-2025,288.55,292.19,286.9,287.7,84.0
451,19-06-2025,289.05,290.15,282.26,283.66,139.11
452,20-06-2025,282.76,294.54,282.56,293.79,210.62
453,23-06-2025,288.1,295.44,287.0,292.69,134.09
454,24-06-2025,297.54,303.93,296.64,300.33,240.73
455,25-06-2025,303.23,304.48,301.53,302.83,118.54
456,26-06-2025,304.33,312.41,303.63,312.01,371.59
457,27-06-2025,313.61,328.79,312.36,322.95,606.66
458,30-06-2025,326.39,331.38,324.69,326.24,367.46
459,01-07-2025,327.69,331.38,326.59,329.09,206.83
460,02-07-2025,329.69,330.43,324.54,326.19,133.85
461,03-07-2025,327.04,328.24,324.04,324.54,114.97
462,04-07-2025,325.49,327.09,322.85,324.44,96.23
463,07-07-2025,324.44,329.19,322.55,327.54,131.73
464,08-07-2025,328.49,330.19,324.24,328.34,139.53
465,09-07-2025,328.49,334.78,328.24,329.34,245.23
466,10-07-2025,329.99,332.88,328.49,331.13,139.73
467,11-07-2025,330.48,330.48,324.49,325.29,145.55
468,14-07-2025,324.49,327.19,317.16,318.6,179.81
469,15-07-2025,320.6,322.05,317.8,320.7,127.53
470,16-07-2025,320.5,322.2,318.15,319.05,141.52
471,17-07-2025,319.6,320.45,316.86,317.65,120.38
472,18-07-2025,320.0,323.45,313.26,316.36,297.76
473,21-07-2025,317.7,320.3,313.61,316.76,169.97
474,22-07-2025,317.5,317.95,309.37,310.32,157.98
475,23-07-2025,311.11,314.71,311.11,313.96,97.27
476,24-07-2025,314.51,318.9,312.96,315.96,113.48
477,25-07-2025,315.06,315.06,309.72,310.77,109.57
478,28-07-2025,310.77,315.36,306.02,306.87,157.33
479,29-07-2025,305.82,322.0,305.82,320.6,270.87
480,30-07-2025,322.5,323.5,319.2,319.8,153.94
481,31-07-2025,316.51,332.13,315.96,328.74,492.92
482,01-08-2025,329.44,332.18,325.49,328.99,196.36
483,04-08-2025,329.34,334.98,328.09,333.38,198.51
484,05-08-2025,333.93,338.07,330.98,332.33,160.53
485,06-08-2025,332.68,333.08,325.09,326.04,116.15
486,07-08-2025,322.5,327.49,316.31,324.99,164.62
487,08-08-2025,324.59,325.49,319.6,320.65,103.13
488,11-08-2025,321.0,328.6,320.8,327.75,113.43
489,12-08-2025,327.95,331.7,326.55,327.0,100.94
490,13-08-2025,328.6,332.6,328.6,330.6,113.64
491,14-08-2025,330.6,331.95,325.85,327.4,80.79
492,18-08-2025,331.25,333.7,327.6,329.35,93.41
493,19-08-2025,330.0,333.2,328.45,331.3,88.43
494,20-08-2025,330.85,331.0,327.05,328.45,88.23
495,21-08-2025,329.0,329.4,322.6,323.85,109.47
496,22-08-2025,324.8,326.3,320.1,320.6,88.0
497,25-08-2025,322.0,322.35,318.35,319.7,114.46
498,26-08-2025,319.5,320.15,314.2,315.75,100.77
499,28-08-2025,315.75,316.9,309.5,310.1,152.43
500,29-08-2025,311.0,316.65,309.35,311.7,172.75
501,01-09-2025,311.7,314.5,307.2,314.05,114.86
502,02-09-2025,314.2,316.25,311.0,311.75,132.21
503,03-09-2025,311.0,314.7,309.8,313.7,113.61
504,04-09-2025,315.25,316.0,309.0,309.45,103.93
505,05-09-2025,310.0,313.9,308.9,309.4,86.18
506,08-09-2025,310.75,313.35,309.6,311.1,61.99
507,09-09-2025,311.1,312.35,307.25,307.95,101.04
508,10-09-2025,310.0,313.4,309.25,310.05,108.39
509,11-09-2025,310.05,312.5,309.95,310.7,61.47
510,12-09-2025,311.05,312.2,310.0,311.2,60.49
511,15-09-2025,311.05,316.65,310.0,315.35,144.15
512,16-09-2025,315.8,317.8,314.3,315.45,109.63
513,17-09-2025,315.9,318.7,315.0,315.85,88.37
514,18-09-2025,316.3,317.95,315.9,317.35,93.97
515,19-09-2025,317.6,321.6,315.8,317.0,176.72
516,22-09-2025,317.0,319.0,312.8,313.85,77.12
517,23-09-2025,313.85,315.0,310.75,312.55,118.97
518,24-09-2025,314.0,314.1,306.0,306.75,112.54
519,25-09-2025,306.75,308.3,301.0,301.6,121.48
520,26-09-2025,300.9,301.6,294.35,295.85,115.03
521,29-09-2025,296.0,299.9,293.4,294.2,96.08
522,30-09-2025,295.0,296.8,292.2,293.2,101.2
523,01-10-2025,294.0,300.85,293.05,300.05,85.52
524,03-10-2025,300.05,302.95,298.8,301.7,87.73
525,06-10-2025,302.0,306.65,301.5,306.25,88.16
526,07-10-2025,306.35,315.0,306.3,309.9,187.18
527,08-10-2025,309.9,310.95,304.2,304.65,78.54
528,09-10-2025,305.3,308.15,305.3,307.35,62.8
529,10-10-2025,307.0,310.4,306.65,308.15,76.55
530,13-10-2025,306.0,308.8,304.7,308.45,65.34
531,14-10-2025,309.65,310.8,305.1,305.6,74.21
532,15-10-2025,305.6,312.95,305.6,312.65,147.96
533,16-10-2025,314.05,314.3,310.6,312.1,104.46
534,17-10-2025,313.55,314.75,307.05,309.3,139.63
535,20-10-2025,309.2,315.8,309.1,310.7,148.84
536,21-10-2025,311.45,313.3,311.05,311.8,31.9
537,23-10-2025,312.0,313.85,308.4,309.05,111.07
538,24-10-2025,310.0,311.15,305.5,305.95,82.92
539,27-10-2025,306.85,307.9,305.15,305.55,83.34
540,28-10-2025,306.1,308.75,305.05,307.95,112.36
541,29-10-2025,307.8,310.75,307.6,309.75,86.06
542,30-10-2025,310.1,312.8,309.15,309.8,85.17
543,31-10-2025,309.0,310.95,306.25,306.8,65.34
544,03-11-2025,306.2,308.4,303.5,306.8,80.76
545,04-11-2025,306.0,306.95,301.35,301.9,83.97
546,06-11-2025,301.9,303.2,297.5,298.1,83.39
547,07-11-2025,297.0,300.15,293.5,299.3,93.65
548,10-11-2025,299.65,303.4,299.65,301.95,88.7
549,11-11-2025,302.0,305.65,297.65,304.9,107.52
550,12-11-2025,305.3,310.3,305.25,309.5,120.3
551,13-11-2025,310.0,316.6,309.7,310.7,157.62
552,14-11-2025,311.0,315.7,309.3,314.9,136.76
553,17-11-2025,316.0,316.85,311.15,312.0,88.76
554,18-11-2025,311.15,311.85,305.45,305.95,88.69
555,19-11-2025,305.85,306.4,303.6,304.45,58.82
556,20-11-2025,305.6,309.6,305.2,308.35,77.84
557,21-11-2025,307.0,308.35,303.0,303.55,59.74
558,24-11-2025,303.3,304.35,299.1,299.85,123.49
559,25-11-2025,299.75,303.4,299.6,300.8,71.31
560,26-11-2025,301.5,308.65,301.5,308.0,88.85
561,27-11-2025,309.0,309.8,305.0,306.45,55.65
562,28-11-2025,306.15,308.0,305.5,306.2,54.89
563,01-12-2025,307.1,308.15,303.55,304.75,62.25
564,02-12-2025,303.0,307.0,303.0,304.85,85.9
565,03-12-2025,305.0,305.7,298.45,301.0,84.09
566,04-12-2025,301.0,303.45,300.0,302.25,56.02
567,05-12-2025,302.0,304.45,300.25,303.75,65.06
568,08-12-2025,303.0,304.25,295.25,297.2,124.32
569,09-12-2025,296.15,296.8,288.75,293.2,133.76
570,10-12-2025,294.0,295.4,289.25,290.85,86.56
571,11-12-2025,291.0,299.0,290.0,298.45,95.89
572,12-12-2025,300.0,302.4,298.75,300.75,79.56
573,15-12-2025,299.0,300.4,297.55,299.6,48.5
574,16-12-2025,298.05,298.75,294.5,295.25,71.41
575,17-12-2025,295.0,296.0,291.7,293.15,59.07
576,18-12-2025,292.7,293.55,289.75,292.3,64.79
577,19-12-2025,294.1,297.8,293.35,296.95,87.67
578,22-12-2025,298.0,299.95,297.9,298.75,51.37
579,23-12-2025,299.55,299.75,297.7,298.7,53.46
580,24-12-2025,298.7,302.6,298.05,298.9,65.48
581,26-12-2025,298.0,299.8,296.15,296.95,39.45
582,29-12-2025,297.0,297.55,293.35,293.95,47.13
583,30-12-2025,293.0,293.85,291.4,292.5,68.51
584,31-12-2025,292.6,296.9,292.6,294.95,65.4
585,01-01-2026,295.4,296.75,294.15,295.7,36.98
586,02-01-2026,295.6,303.0,295.5,301.7,106.05
587,05-01-2026,301.8,302.45,298.85,300.4,69.72
588,06-01-2026,300.1,302.3,293.5,298.55,109.31
589,07-01-2026,298.0,306.0,296.65,303.5,204.17
590,08-01-2026,303.3,304.3,292.15,293.55,122.56
591,09-01-2026,292.0,294.6,286.15,287.25,113.76
592,12-01-2026,287.25,289.0,280.75,288.25,122.16
593,13-01-2026,289.1,290.2,281.9,284.6,129.57
594,14-01-2026,281.95,287.85,281.85,287.0,67.01
595,15-01-2026,287.0,287.0,287.0,287.0,0.0
596,16-01-2026,287.0,291.0,277.15,278.8,189.35
597,19-01-2026,279.4,281.65,274.1,275.65,130.06
598,20-01-2026,275.1,276.45,263.2,265.5,187.51
599,21-01-2026,265.3,269.2,262.5,263.25,192.66
600,22-01-2026,267.0,268.15,259.75,262.6,122.83
601,23-01-2026,264.0,266.25,252.25,252.9,148.58
602,27-01-2026,253.8,257.5,250.2,256.05,147.74
603,28-01-2026,257.85,258.4,253.0,255.2,190.35
604,29-01-2026,255.8,256.85,252.45,254.5,121.65
605,30-01-2026,253.0,257.6,249.55,254.5,134.49
606,02-02-2026,242.4,245.3,237.0,244.1,172.49
607,03-02-2026,260.05,267.0,256.95,263.9,402.23
608,04-02-2026,265.0,269.9,263.95,268.0,145.57
609,05-02-2026,268.1,271.65,267.5,269.95,157.69
610,06-02-2026,269.95,270.4,266.5,268.1,89.4
611,09-02-2026,270.55,271.4,268.75,269.25,82.12
612,10-02-2026,270.0,274.35,269.0,270.2,126.33
613,11-02-2026,271.0,271.6,268.3,270.3,65.44
614,12-02-2026,270.0,270.1,266.7,267.55,86.82
615,13-02-2026,265.0,267.25,262.85,263.95,122.22
616,16-02-2026,262.05,263.25,259.55,262.55,138.27
617,17-02-2026,262.4,264.2,260.9,262.3,74.07
618,18-02-2026,263.0,264.5,261.75,264.1,94.51
619,19-02-2026,264.1,265.55,257.35,258.6,84.82
620,20-02-2026,258.1,260.75,257.55,258.6,112.15
621,23-02-2026,260.0,260.4,256.15,257.8,94.54
622,24-02-2026,257.2,257.2,253.2,255.25,109.54
623,25-02-2026,257.05,259.45,255.65,256.95,88.37
624,26-02-2026,257.5,258.85,255.35,256.15,86.91
625,27-02-2026,257.0,259.2,254.65,255.4,132.83
626,02-03-2026,246.55,252.35,243.55,249.0,184.13
627,04-03-2026,245.0,245.4,239.8,241.3,138.86
628,05-03-2026,243.5,244.25,237.75,243.1,137.6
629,06-03-2026,242.2,243.45,238.9,239.35,125.66
630,09-03-2026,233.95,233.95,226.3,232.25,195.25
631,10-03-2026,236.95,237.55,231.35,236.0,231.26
632,11-03-2026,237.9,242.8,237.5,238.7,164.96
633,12-03-2026,237.4,245.4,234.0,242.2,188.65
634,13-03-2026,240.0,240.6,234.25,235.25,133.28
635,16-03-2026,235.0,238.0,230.7,234.35,149.37
636,17-03-2026,235.0,238.7,234.35,237.6,106.38
637,18-03-2026,238.9,250.5,237.95,248.2,195.8
638,19-03-2026,242.95,244.85,237.6,239.45,150.46
639,20-03-2026,242.0,244.25,238.6,239.3,150.21
640,23-03-2026,236.2,236.3,225.4,226.1,211.72
641,24-03-2026,232.85,234.0,227.75,232.7,161.2
642,25-03-2026,235.0,241.0,234.75,237.35,156.85
643,27-03-2026,236.0,236.5,231.55,232.55,197.84
644,30-03-2026,228.9,231.5,223.3,224.1,259.43
645,01-04-2026,233.04,233.04,228.0,231.93,216.04
646,02-04-2026,227.85,230.14,223.55,229.48,185.42
647,06-04-2026,230.8,236.0,226.1,235.31,160.36
648,07-04-2026,233.1,236.0,231.77,235.33,137.83
649,08-04-2026,245.1,248.1,242.15,246.86,199.12
650,09-04-2026,246.0,246.0,236.7,238.84,211.25
651,10-04-2026,240.7,243.8,240.0,243.2,120.4
652,13-04-2026,237.0,238.31,235.26,237.68,153.86
653,15-04-2026,242.5,244.25,241.51,242.66,204.77
654,16-04-2026,244.5,245.0,238.02,241.27,261.8
655,17-04-2026,242.02,245.5,240.64,243.86,514.53
656,20-04-2026,242.0,242.01,234.5,237.15,384.15
657,21-04-2026,237.27,237.6,234.1,234.75,463.45
658,22-04-2026,234.7,241.15,234.55,238.51,402.52
659,23-04-2026,240.0,251.7,238.54,248.66,744.32
660,24-04-2026,252.0,253.2,244.1,245.73,327.02
661,27-04-2026,247.1,254.7,247.02,253.64,258.7
662,28-04-2026,255.5,256.0,249.53,250.81,219.34
663,29-04-2026,252.11,257.0,250.03,250.71,224.56
664,30-04-2026,250.0,250.0,243.11,246.37,205.96
665,01-05-2026,246.37,246.37,246.37,246.37,0.0
666,04-05-2026,248.0,254.0,247.87,252.74,178.29
667,05-05-2026,252.0,253.7,247.3,248.45,162.06
668,06-05-2026,251.0,252.99,249.17,252.44,146.92
669,07-05-2026,253.5,254.15,250.5,251.02,169.48
670,08-05-2026,250.98,251.49,248.3,249.34,113.68
671,11-05-2026,246.0,246.45,239.8,240.33,188.59
672,12-05-2026,239.54,239.95,229.26,230.47,216.64
673,13-05-2026,231.0,234.0,229.2,231.45,137.08
674,14-05-2026,233.0,235.0,228.41,234.13,165.46
675,15-05-2026,234.9,235.95,232.59,233.06,104.57
676,18-05-2026,230.0,233.33,227.21,232.63,131.57
677,19-05-2026,232.63,236.1,232.3,233.28,95.9
678,20-05-2026,230.39,235.46,229.42,234.67,113.04
679,21-05-2026,236.5,238.3,235.06,235.78,120.84
680,22-05-2026,236.11,241.0,236.11,238.19,135.17
681,25-05-2026,241.0,243.65,240.2,241.74,98.14
682,26-05-2026,241.39,243.7,240.01,240.67,104.38
683,27-05-2026,241.0,243.86,240.71,242.89,91.41
684,28-05-2026,242.89,242.89,242.89,242.89,0.0
685,29-05-2026,244.0,245.15,238.05,238.95,225.35
686,01-06-2026,239.99,240.7,234.3,234.95,108.54
687,02-06-2026,233.75,238.5,232.26,237.64,101.83
688,03-06-2026,237.4,237.4,231.59,235.03,122.57
689,04-06-2026,234.5,237.7,233.65,235.74,90.53
690,05-06-2026,235.29,239.3,235.14,236.89,121.87
691,08-06-2026,233.0,234.21,227.68,228.86,130.9
692,09-06-2026,229.57,234.49,229.57,234.21,99.6
693,10-06-2026,234.2,234.95,229.55,230.17,84.54
694,11-06-2026,229.65,229.88,227.0,228.02,116.65
695,12-06-2026,230.9,236.5,230.0,235.89,127.45
696,15-06-2026,241.5,243.69,239.04,239.52,181.99
697,16-06-2026,240.05,243.32,239.86,241.95,155.06
698,17-06-2026,242.2,244.74,241.22,242.98,100.1
699,18-06-2026,242.98,245.0,242.5,244.1,94.57
700,19-06-2026,244.0,246.85,242.03,244.45,221.61
701,22-06-2026,245.0,246.4,243.01,243.38,80.96
702,23-06-2026,244.0,244.19,237.2,237.81,111.78
703,24-06-2026,237.76,239.75,235.3,238.87,95.4
704,25-06-2026,240.05,241.93,238.5,239.43,86.63
705,26-06-2026,239.43,239.43,239.43,239.43,0.0
706,29-06-2026,239.0,239.2,235.92,236.71,92.29
707,30-06-2026,237.0,237.76,235.26,235.87,19.26
